K,q,log_count,count,avg_ratio,time,n_samples_used,n_steps_used,n_samples_theoretical,n_steps_theoretical,epsilon
3,2,-3451.844904367651,0.0,0.3314,3.210308790206909,10000,173,132710399,173,0.1
3,3,5.497418129066845,244.06098414053494,0.694875,4.281830787658691,10000,288,132710399,288,0.1
3,4,9.161173034421003,9520.218073668491,0.7587583333333333,5.906023740768433,10000,402,132710399,402,0.1
3,5,11.887038486274786,145370.14404057775,0.8053583333333334,6.95295262336731,10000,514,132710399,514,0.1
4,2,-11046.855797365275,0.0,0.16682916666666667,7.221506595611572,10000,395,1061683199,395,0.1
4,3,-2062.4433876298667,0.0,0.6076375,11.725778341293335,10000,659,1061683199,659,0.1
4,4,15.614083287295944,6041019.138975891,0.7607499999999999,15.992429971694946,10000,919,1061683199,919,0.1
4,5,20.537283959262822,830288641.5990683,0.8047791666666667,20.708872079849243,10000,1178,1061683199,1178,0.1
